Product Name,Sale Price (₹),Original Price (₹),Discount,Product URL
30 Assorted Sachets | 6 Different Flavours,129.00,150.00,Yes,https://www.bevzilla.co/products/30-assorted-sachets-6-different-flavours
Rechargable Frother,249.00,399.00,Yes,https://www.bevzilla.co/products/rechargable-frother-1
30 Assorted Sachets | 6 Different Flavours,149.00,150.00,Yes,https://www.bevzilla.co/products/bevzilla-30-assorted-coffee-powder-sachets-6-flavours
48 Choco Mocha Coffee Sachets + New Rechargeable Frother,519.00,698.00,Yes,https://www.bevzilla.co/products/bevzilla-48-choco-mocha-coffee-powder-sachets-new-bevzilla-rechargeable-frother
30 Assorted Coffee Sachets Box + Reusable Coffee Husk Tumbler - 300ml,379.00,549.00,Yes,https://www.bevzilla.co/products/bevzilla-30-assorted-coffee-powder-sachets-new-bevzilla-coffee-tumbler
30 Assorted Sachets ( 6 Flavours) + New Rechargeable Frother,499.00,549.00,Yes,https://www.bevzilla.co/products/bevzilla-30-assorted-coffee-powder-sachets-new-bevzilla-rechargeable-frother
48 Sachets Choco Mocha + Reusable Coffee Husk Tumbler - 300ml,349.00,549.00,Yes,https://www.bevzilla.co/products/bevzilla-48-choco-mocha-coffee-powder-sachets-new-bevzilla-coffee-tumbler
24 Assorted Pack + tumblr,449.00,519.00,Yes,https://www.bevzilla.co/products/24-assorted-pack-tumblr
24 Assorted Pack + Rechargeble Frother+Tumblr,599.00,918.00,Yes,https://www.bevzilla.co/products/24-assorted-pack-rechargeble-frother-tumblr
35 Coffee Butterscotch Flavour Instant Coffee Sachets,175.00,,No Discount,https://www.bevzilla.co/products/bevzilla-instant-35-coffee-sachets-butterscotch-flavour
35 Vanilla Flavour Instant Coffee Sachets,175.00,,No Discount,https://www.bevzilla.co/products/bevzilla-instant-35-coffee-sachets-vanilla-flavour
35 Hazelnut Flavour Instant Coffee Sachets,175.00,,No Discount,https://www.bevzilla.co/products/bevzilla-instant-35-coffee-sachets-hazelnut-flavour
35 Classic Instant Coffee Sachets,175.00,,No Discount,https://www.bevzilla.co/products/bevzilla-instant-35-coffee-sachets-classic-flavour
Bevzilla Instant Iced Tea Peach 15gm X 10,249.00,,No Discount,https://www.bevzilla.co/products/bevzilla-instant-iced-tea-peach-15gm-x-10
Bevzilla Instant Iced Tea Lemon 15gm X 10,249.00,,No Discount,https://www.bevzilla.co/products/bevzilla-instant-iced-tea-lemon-15gm-x-10
35 Caramel Flavour Instant Coffee Sachets,175.00,,No Discount,https://www.bevzilla.co/products/bevzilla-instant-35-coffee-sachets-caramel-flavour
35 Choco Mocha Flavour Instant Coffee Sachets,175.00,,No Discount,https://www.bevzilla.co/products/bevzilla-instant-35-coffee-sachets-choco-mocha-flavour
Bevzilla coffee cubes pack of 8 Belgian chocolate,279.00,,No Discount,https://www.bevzilla.co/products/bevzilla-coffee-cubes-pack-of-8-belgian-chocolate
Bevzilla Instant Iced Tea Blueberry 15gm X 10,249.00,,No Discount,https://www.bevzilla.co/products/bevzilla-instant-iced-tea-blueberry-15gm-x-10
Bevzilla Instant Iced Tea Watermelon 15gm X 10,249.00,,No Discount,https://www.bevzilla.co/products/bevzilla-instant-iced-tea-watermelon-15gm-x-10
Bevzilla Instant Iced Tea Blackcurrant 15gm X 10,249.00,,No Discount,https://www.bevzilla.co/products/bevzilla-instant-iced-tea-blackcurrant-15gm-x-10
Bevzilla coffee cubes pack of 8 Irish,279.00,,No Discount,https://www.bevzilla.co/products/bevzilla-coffee-cubes-pack-of-8-irish
Bevzilla coffee cubes pack of 8 Vanilla,279.00,,No Discount,https://www.bevzilla.co/products/bevzilla-coffee-cubes-pack-of-8-vanilla
Bevzilla coffee cubes pack of 8 Classic,279.00,,No Discount,https://www.bevzilla.co/products/bevzilla-coffee-cubes-pack-of-8-classic
Bevzilla coffee cubes pack of 8 Hazelnut,279.00,,No Discount,https://www.bevzilla.co/products/bevzilla-coffee-cubes-pack-of-8-hazelnut
40 Pure Himalayan Shilajit Coffee Sachets Box  + Reusable Coffee Husk Tumbler - 300ml,499.00,959.00,Yes,https://www.bevzilla.co/products/shilajit-tumblr
96 Assorted Pack + Tumblr,549.00,998.00,Yes,https://www.bevzilla.co/products/96-assorted-pack-tumblr
24 Assorted Pack + Rechargeable Frother,449.00,519.00,Yes,https://www.bevzilla.co/products/24-assorted-pack-rechargeable-frother
16 Assorted Protein Coffee Sachets Box + 40 Himalayan Pure Shilajit Coffee Sachets Box + New Rechargeable  Frother,949.00,1391.00,Yes,https://www.bevzilla.co/products/protein-coffee-shilajit-frother
96 Assorted Sachets Pack + Rechargeble Frother,699.00,998.00,Yes,https://www.bevzilla.co/products/96-assorted-sachets-pack-rechargeble-frother
40 Shilajit Coffee Sachets Box + New Rechargeable Frother,659.00,959.00,Yes,https://www.bevzilla.co/products/shilajit-coffee-rechargeable-frother
16 Protein Coffee Sachets Box + Reusable Coffee Husk Tumbler - 300ml,599.00,831.00,Yes,https://www.bevzilla.co/products/protein-coffee-tumbler
16 Assorted Protein Coffee Sachets Box + New Rechargeable Frother,649.00,831.00,Yes,https://www.bevzilla.co/products/protein-coffee-rechargeable-frother
48 Choco Mocha Coffee Sachets Pack,259.00,299.00,Yes,https://www.bevzilla.co/products/choco-mocha-48-sachets
buy_3_test_product_crazy_deal,699.00,,No Discount,https://www.bevzilla.co/products/buy_3_test_product_crazy_deal
Everyday Protein Coffee - 4 Flavoured Sachets,159.00,108.00,Yes,https://www.bevzilla.co/products/everyday-protein-coffee
Everyday Protein Coffee,99.00,108.00,Yes,https://www.bevzilla.co/products/everyday-protein-coffee-1
Coffee Husk Mug,99.00,399.00,Yes,https://www.bevzilla.co/products/coffee-husk-mug
Rechargable Frother,379.00,399.00,Yes,https://www.bevzilla.co/products/rechargable-frother
Reusable Coffee Husk Tumbler - 300ml,199.00,399.00,Yes,https://www.bevzilla.co/products/coffee-tumbler
Goldbrew - Freeze Dried 95Gm Jar,499.00,615.00,Yes,https://www.bevzilla.co/products/goldbrew-freeze-dried-95gm-jar
Coffee Pouch 50gm*2 100 gm,249.00,398.00,Yes,https://www.bevzilla.co/products/coffee-pouch-50gm-2-100-gm
Coffee Pouch 50 Gm,99.00,199.00,Yes,https://www.bevzilla.co/products/coffee-pouch-50-gm
50 grams Coffee Jars,149.00,,No Discount,https://www.bevzilla.co/products/50-grams-coffee-jars
Cafe Coffee Kit (pick any 3),269.00,799.00,Yes,https://www.bevzilla.co/products/cafe-coffee-kit-pick-any-3
Everyday Protein Coffee,349.00,432.00,Yes,https://www.bevzilla.co/products/protein-coffee
Himalayan Shilajit Coffee | 40 Sachets,379.00,560.00,Yes,https://www.bevzilla.co/products/himalayan-shilajit-coffee-40-sachets-new
50 grams x 3 Coffee Jars Combo with Electric frother,1949.00,,No Discount,https://www.bevzilla.co/products/50-grams-x-3-coffee-jars-combo-with-electric-frother
4 Flavoured Coffee Jars & Cafe Glass Gift Box,656.00,2699.00,Yes,https://www.bevzilla.co/products/diwali-gift-box-3
Iced Tea Powder 10 Assorted Flavours Pack,279.00,,No Discount,https://www.bevzilla.co/products/iced-tea-powder-10-assorted-flavours-pack
Iced Tea Powder 5 Assorted Flavours Pack,133.00,249.00,Yes,https://www.bevzilla.co/products/instant-iced-tea-assorted-pack
Premium Classic Strong Coffee Powder- Pack of 2 (200gm x 2),669.00,1598.00,Yes,https://www.bevzilla.co/products/premium-classic-strong-coffee-powder-pack-of-2-200gm-x-2
Chocolate & Mocha 200gm Jar + Belgian Chocolate Coffee Cubes (10 Cubes Pack),549.00,1348.00,Yes,https://www.bevzilla.co/products/chocolate-mocha-200gm-jar-belgian-chocolate-coffee-cubes-10-combo
Premium Classic Strong Coffee Powder 200gm + Coffee Mug + Frother Combo,599.00,1199.00,Yes,https://www.bevzilla.co/products/premium-classic-strong-cofee-powder-200gm-coffee-mug-frother-combo
Premium Classic Strong Coffee Powder 200gm + Free Coffee Mug,299.00,899.00,Yes,https://www.bevzilla.co/products/premium-classic-strong-cofee-powder-200gm-free-coffee-mug
Chocolate & Mocha + Dark Wish Coffee Powder Combo (200gm X 2),660.00,1798.00,Yes,https://www.bevzilla.co/products/chocolate-mocha-dark-wish-coffee-powder-combo-200gm-x-2
Choco- Hazelnut Milkshake Cubes (Combo Pack of 10 x 2),349.00,698.00,Yes,https://www.bevzilla.co/products/choco-hazelnut-milkshake-cubes-combo-pack-of-10-x-2
Turkish Hazelnut + Classic Coffee Powder - Combo Pack of 50g x 2,248.00,,No Discount,https://www.bevzilla.co/products/turkish-hazelnut-colombian-gold-coffee-powder-combo-pack-of-50g-x-2
Turkish Hazelnut Premium Edition Pack - 2 Free Coffee Mugs,399.00,359.00,Yes,https://www.bevzilla.co/products/turkish-hazelnut-premium-edition-pack-2-free-coffee-mugs
English Butterscotch Premium Edition Pack - 2 Free Coffee Mugs,399.00,359.00,Yes,https://www.bevzilla.co/products/english-butterscotch-premium-edition-pack-2-free-coffee-mugs
French Vanilla Premium Edition Pack - 2 Free Coffee Mugs,399.00,359.00,Yes,https://www.bevzilla.co/products/french-vanilla-premium-edition-pack-2-free-coffee-mugs
Turkish Hazelnut Premium Edition Pack - Free Coffee Mug,197.00,259.00,Yes,https://www.bevzilla.co/products/turkish-hazelnut-premium-edition-pack-free-coffee-mug
English Butterscotch Premium Edition Pack - Free Coffee Mug,204.00,259.00,Yes,https://www.bevzilla.co/products/english-butterscotch-premium-edition-pack-free-coffee-mug
French Vanilla Premium Edition Pack - Free Coffee Mug,204.00,259.00,Yes,https://www.bevzilla.co/products/french-vanilla-premium-edition-pack-free-coffee-mug
Assorted Pack of Flavoured,169.00,299.00,Yes,https://www.bevzilla.co/products/48-sachets-assorted-coffee-powder-box-test
Himalayan Shilajit Coffee,379.00,824.00,Yes,https://www.bevzilla.co/products/himalayan-shilajit-coffee-1
84 Sachets Assorted Coffee Powder Box (Testing),379.00,518.00,Yes,https://www.bevzilla.co/products/84-sachets-assorted-coffee-powder-box-testing
Bevzilla Dark Wish Roast Coffee Powder - 24 Sachets,159.00,,No Discount,https://www.bevzilla.co/products/bevzilla-dark-wish-roast-coffee-powder-24-sachets
Classic Instant Coffee Jar (75 Grams),179.00,375.00,Yes,https://www.bevzilla.co/products/instant-coffee-powder-coloumbian-gold-flavour-75-gm
All In One Trial Box,279.00,499.00,Yes,https://www.bevzilla.co/products/get-bev-go-trial-box
8 Flavoured Milkshake Cubes + Shaker,199.00,499.00,Yes,https://www.bevzilla.co/products/milkshake-shaker-8-cubes
200GM Dark Roast Coffee Jar,399.00,799.00,Yes,https://www.bevzilla.co/products/dark-roast-dark-wish-coffee-powder-jar-200gm
Vanilla Coffee Jar (75 Grams),179.00,375.00,Yes,https://www.bevzilla.co/products/instant-coffee-powder-french-vanilla-flavour-75-gm
Coffee Jar (75 Grams),179.00,375.00,Yes,https://www.bevzilla.co/products/instant-coffee-powder-turkish-hazelnut-flavour-75-gm
Butterscotch Coffee Jar (75 Grams),179.00,375.00,Yes,https://www.bevzilla.co/products/instant-coffee-powder-english-butterscotch-flavour-75gm
24 Assorted Coffee Powder Sachets Pack Of 2,205.00,239.00,Yes,https://www.bevzilla.co/products/24-sachets-assorted-coffee-powder-box-pack-of-2
Bevzilla Instant Iced Tea Watermelon  30gm X5,141.00,,No Discount,https://www.bevzilla.co/products/bevzilla-instant-iced-tea-watermelon-30gm-x5
Bevzilla Instant Iced Tea Blackcurrant  30gm X5,141.00,,No Discount,https://www.bevzilla.co/products/bevzilla-instant-iced-tea-blackcurrant-30gm-x5
Bevzilla Instant Iced Tea Blueberry 30gm X5,141.00,,No Discount,https://www.bevzilla.co/products/bevzilla-instant-iced-tea-blueberry-30gm-x5
Bevzilla instant iced tea peach 30gm x5,141.00,,No Discount,https://www.bevzilla.co/products/bevzilla-instant-iced-tea-peach-30gm-x5
Bevzilla instant iced tea lemon 30gm x5,141.00,,No Discount,https://www.bevzilla.co/products/bevzilla-instant-iced-tea-lemon-30gm-x5
Bevzilla Instant 24 coffee sachets  orange flavour,159.00,,No Discount,https://www.bevzilla.co/products/bevzilla-instant-24-coffee-sachets-orange-flavour
Bevzilla Instant 24 coffee sachets  coconut flavour,159.00,,No Discount,https://www.bevzilla.co/products/bevzilla-instant-24-coffee-sachets-coconut-flavour
Bevzilla Instant 24 coffee sachets  Vanilla flavour,159.00,,No Discount,https://www.bevzilla.co/products/bevzilla-instant-24-coffee-sachets-vanilla-flavour
Bevzilla Instant 24 Coffee Sachets  Hazelnut Flavour,159.00,,No Discount,https://www.bevzilla.co/products/bevzilla-instant-24-coffee-sachets-hazelnut-flavour
Bevzilla Instant 24 coffee sachets  butterscotch flavour,159.00,,No Discount,https://www.bevzilla.co/products/bevzilla-instant-24-coffee-sachets-butterscotch-flavour
Bevzilla Instant 24 coffee sachets  Classic flavour,159.00,,No Discount,https://www.bevzilla.co/products/bevzilla-instant-24-coffee-sachets-classic-flavour
Bevzilla coffee cubes pack of 5 vanilla,199.00,,No Discount,https://www.bevzilla.co/products/bevzilla-coffee-cubes-pack-of-5-vanilla
Bevzilla Instant 24 coffee sachets  caramel flavour,159.00,,No Discount,https://www.bevzilla.co/products/bevzilla-instant-24-coffee-sachets-caramel-flavour
Bevzilla coffee cubes pack of 5 hazelnut,199.00,,No Discount,https://www.bevzilla.co/products/bevzilla-coffee-cubes-pack-of-5-hazelnut
Bevzilla coffee cubes pack of 5 classic,199.00,,No Discount,https://www.bevzilla.co/products/bevzilla-coffee-cubes-pack-of-5-classic
Bevzilla coffee cubes pack of 5 irish,199.00,,No Discount,https://www.bevzilla.co/products/bevzilla-coffee-cubes-pack-of-5-irish
Bevzilla coffee cubes pack of 5 belgian chocolate,199.00,,No Discount,https://www.bevzilla.co/products/bevzilla-coffee-cubes-pack-of-5-belgian-chocolate
Build Your Own Box,599.00,,No Discount,https://www.bevzilla.co/products/build-your-own-box
Iced Coffee,399.00,899.00,Yes,https://www.bevzilla.co/products/iced-coffee
Masala Lemonade,158.00,599.00,Yes,https://www.bevzilla.co/products/masala-lemonade
BeFit Coffee,450.00,599.00,Yes,https://www.bevzilla.co/products/bevzilla-instant-befit-coffee-powder-150-gms
75GM x 4 Flavoured Coffee Jars with Free Electric Frother.,1949.00,,No Discount,https://www.bevzilla.co/products/75gm-x-4-flavoured-coffee-jars-with-free-electric-frother-1
75 grams x 3 Coffee Jars + Electric frother,1949.00,1949.00,No Discount,https://www.bevzilla.co/products/75-grams-x-3-coffee-jars-combo-with-electric-frother
84 Sachets Assorted Coffee Powder Box,386.00,518.00,Yes,https://www.bevzilla.co/products/84-sachets-assorted-coffee-powder-box
Beauty Coffee,547.00,1797.00,Yes,https://www.bevzilla.co/products/beauty-coffee-3
Beauty Coffee,547.00,599.00,Yes,https://www.bevzilla.co/products/beauty-coffee-2
Beauty Coffee,547.00,599.00,Yes,https://www.bevzilla.co/products/beauty-coffee
42 Sachets Assorted Coffee Powder Box,206.00,259.00,Yes,https://www.bevzilla.co/products/assorted-pack-of-42-flavoured-coffee-sachets
Coconut Coffee Powder Sachets,169.00,299.00,Yes,https://www.bevzilla.co/products/48-sachets-of-coconut-coffee-powder
Caramel Coffee Powder sachets,169.00,299.00,Yes,https://www.bevzilla.co/products/48-sachets-of-caramel-coffee-powder
Orange Coffee Powder sachets,169.00,299.00,Yes,https://www.bevzilla.co/products/48-sachets-of-orange-coffee-powder
4 Flavours Mocktail Combo with Free Drinks Measurer + Cards,1999.00,,No Discount,https://www.bevzilla.co/products/c8-4-flavours-mocktail-combo-with-free-drinks-measurer-cards
Super Saver Coffee Combo (FREE FROTHER),5999.00,,No Discount,https://www.bevzilla.co/products/c7-super-saver-coffee-combo-free-frother
Mocktail Mixers Combo (All 4 Flavours),461.00,,No Discount,https://www.bevzilla.co/products/c6-mocktail-mixers-combo-all-4-flavours
50GM x 4 Flavoured Coffee Jars,1449.00,,No Discount,https://www.bevzilla.co/products/c5-50gm-x-4-flavoured-coffee-jars
Iced Tea - 400 gms x 5 flavours,4847.00,,No Discount,https://www.bevzilla.co/products/c3-iced-tea-400-gms-x-5-flavours
Milkshake Cubes Combo (All 4 Flavours),1500.00,,No Discount,https://www.bevzilla.co/products/c2-milkshake-cubes-combo-all-4-flavours
12 Dark Roast Coffee Sachets,49.00,99.00,Yes,https://www.bevzilla.co/products/12-dark-wish-sachets
Iced Tea Powder 5 Assorted Flavours Pack,141.00,,No Discount,https://www.bevzilla.co/products/iced-tea-powder-5-assorted-flavours-pack
Assorted pack of 	Coffee Sachets With 25 flavoured coffee sachets + free cafe glass,249.00,999.00,Yes,https://www.bevzilla.co/products/assorted-pack-of-coffee-sachets-with-25-flavoured-coffee-sachets-free-cafe-glass
25 flavoured Coffee Sachets & Cafe Glass Gift Box,169.00,999.00,Yes,https://www.bevzilla.co/products/diwali-gift-box-2
Premium French Vanilla Coffee Powder - 200 grams,379.00,999.00,Yes,https://www.bevzilla.co/products/premium-french-vanilla-coffee-powder-200-grams
Premium Hazelnut Coffee Powder - 200 grams,379.00,999.00,Yes,https://www.bevzilla.co/products/premium-hazelnut-coffee-powder-200-grams
Premium Choco Mocha Coffee Powder - 200 grams,399.00,999.00,Yes,https://www.bevzilla.co/products/premium-choco-mocha-coffee-powder-200-grams
Premium Butterscotch Coffee Powder - 200 grams,379.00,999.00,Yes,https://www.bevzilla.co/products/premium-butterscotch-coffee-powder-200-grams
Coffee Powder Combo,499.00,1999.00,Yes,https://www.bevzilla.co/products/coffee-powder-combo
Your Perfect Beverage Bundle,399.00,,No Discount,https://www.bevzilla.co/products/your-perfect-beverage-bundle
12 Dark Roast Coffee Sachets - Trail Pack,106.00,,No Discount,https://www.bevzilla.co/products/dark-wish-coffee-12-sachets
Peach Passion Iced Tea,109.00,,No Discount,https://www.bevzilla.co/products/peach-passion-iced-tea-3-sachets
24 Flavoured Coffee Sachets,159.00,150.00,Yes,https://www.bevzilla.co/products/24-flavoured-coffee-sachets
Assorted 5 Coffee Cubes,106.00,175.00,Yes,https://www.bevzilla.co/products/assorted-coffee-cubes-5-sachets
Assorted 4 Milkshake Cubes,106.00,,No Discount,https://www.bevzilla.co/products/assorted-milkshake-cubes-4-sachets
25G Turkish Hazelnut Coffee Powder,95.00,,No Discount,https://www.bevzilla.co/products/turkish-hazelnut-coffee-powder-25-grams
25G English Butterscotch Coffee Powder,106.00,,No Discount,https://www.bevzilla.co/products/english-butterscotch-coffee-powder-25-grams
25G French Vanilla Coffee Powder,95.00,,No Discount,https://www.bevzilla.co/products/french-vanilla-coffee-powder-25-grams
25G Colombian Gold Coffee Powder,106.00,,No Discount,https://www.bevzilla.co/products/colombian-gold-coffee-powder-25-grams
Iced Tea - 400 gms x 5 flavours,1350.00,,No Discount,https://www.bevzilla.co/products/iced-tea-400-gms-x-5-flavours
Assorted Milkshake Cubes,188.00,349.00,Yes,https://www.bevzilla.co/products/assorted-milkshake-cubes
Bevzilla Fatloss Green Coffee Powder - 275GM,472.00,999.00,Yes,https://www.bevzilla.co/products/bevzilla-organic-green-coffee-powder-275-grams
50GM x 4 Flavoured Coffee Jars,1449.00,,No Discount,https://www.bevzilla.co/products/coffee-powder-jars-combo
10 Flavoured Coffee Cubes + Shaker,224.00,499.00,Yes,https://www.bevzilla.co/products/coffee-cube-shaker-pack
1Kg Blueberry Instant Iced Tea Mix Commercial Pack,699.00,1499.00,Yes,https://www.bevzilla.co/products/1kg-blueberry-iced-tea-mix
1Kg Watermelon Instant Iced Tea Mix Commercial Pack,699.00,1499.00,Yes,https://www.bevzilla.co/products/1kg-watermelon-iced-tea-mix
1Kg Black Currant Instant Iced Tea Mix Commercial Pack,699.00,1499.00,Yes,https://www.bevzilla.co/products/1kg-black-currant-iced-tea-mix
1Kg Lemon Instant Iced Tea Mix Commercial Pack,699.00,1499.00,Yes,https://www.bevzilla.co/products/1kg-lemon-iced-tea-mix
1Kg Peach Passion Instant Iced Tea Mix Commercial Pack,699.00,1499.00,Yes,https://www.bevzilla.co/products/1kg-peach-passion-iced-tea-mix
1 KG Vanilla Instant Coffee Powder Commercial Pack,1599.00,1999.00,Yes,https://www.bevzilla.co/products/1-kg-vanilla-coffee-powder-commercial-pack
1 KG Hazelnut Instant Coffee Powder Commercial Pack,1599.00,1999.00,Yes,https://www.bevzilla.co/products/1-kg-hazelnut-coffee-powder-commercial-pack
1 KG Butterscotch Instant Coffee Powder Commercial Pack,1599.00,1999.00,Yes,https://www.bevzilla.co/products/1-kg-butterscotch-coffee-powder-commercial-pack
1 KG Classic Instant Coffee Powder Commercial Pack,1599.00,1999.00,Yes,https://www.bevzilla.co/products/1-kg-classic-coffee-powder-commercial-pack
Cafe Coffee Kit,279.00,799.00,Yes,https://www.bevzilla.co/products/bevzilla-cafe-coffee-kit
Premium Classic Strong Coffee 200 GM Jar | Makes 100 Cups,379.00,799.00,Yes,https://www.bevzilla.co/products/premium-classic-strong-coffee-200-gm-jar-makes-100-cups
5 Flavoured Iced Tea Sachets + Shaker,216.00,599.00,Yes,https://www.bevzilla.co/products/iced-tea-shaker-5-sachets
Bevzilla Coffee Shaker,199.00,,No Discount,https://www.bevzilla.co/products/bevzilla-coffee-shaker
Free gift,0.00,,No Discount,https://www.bevzilla.co/products/free-gift
25 Flavoured Coffee Sachets + Shaker,165.00,499.00,Yes,https://www.bevzilla.co/products/coffee-shaker-pack
Black Currant Instant Iced tea mix,299.00,599.00,Yes,https://www.bevzilla.co/products/black-currant-instant-iced-tea-1
Lemon Instant Iced tea mix,299.00,599.00,Yes,https://www.bevzilla.co/products/lemon-instant-iced-tea-1
Blueberry Instant Iced tea mix,299.00,599.00,Yes,https://www.bevzilla.co/products/blueberry-instant-iced-tea-1
Watermelon Instant Iced tea mix,299.00,599.00,Yes,https://www.bevzilla.co/products/watermelon-instant-iced-tea-1
Peach Passion Instant Iced tea mix,299.00,599.00,Yes,https://www.bevzilla.co/products/peach-passion-instant-iced-tea-1
60 Sachets Assorted Coffee Powder Box,259.00,449.00,Yes,https://www.bevzilla.co/products/assorted-coffee-powder-box-60-sachets
Dark Wish Dark Roast Coffee Powder - (Pack of 12),106.00,99.00,Yes,https://www.bevzilla.co/products/dark-wish-dark-roast-coffee-powder-pack-of-12
Battery Operated Electric Frother,199.00,299.00,Yes,https://www.bevzilla.co/products/frother
48 Dark Roast Coffee Sachets Box - 5X Stronger,239.00,499.00,Yes,https://www.bevzilla.co/products/dark-roast-dark-wish-coffee-powder-box-48-sachets
48 Classic Instant Coffee Sachets Box,219.00,299.00,Yes,https://www.bevzilla.co/products/colombian-gold-coffee-powder-box-48-sachets
48 French Vanilla Coffee Sachets Box,219.00,299.00,Yes,https://www.bevzilla.co/products/french-vanilla-coffee-powder-box-48-sachets
48 Sachets Assorted Coffee Powder Box,219.00,299.00,Yes,https://www.bevzilla.co/products/instant-coffee-powder-box-48-sachets
48 Hazelnut Coffee Sachets Box,219.00,299.00,Yes,https://www.bevzilla.co/products/hazelnut-coffee-powder-box-48-sachets
48 Butterscotch Coffee Sachets Box,219.00,299.00,Yes,https://www.bevzilla.co/products/butterscotch-coffee-powder-box-48-sachets
Assorted Coffee Cubes Pack of 5 (Best Seller),99.00,199.00,Yes,https://www.bevzilla.co/products/assorted-coffee-cubes-pack-of-5-best-seller
96 Hazelnut Coffee Sachets Box (Free Coffee Sachet Inside),377.00,599.00,Yes,https://www.bevzilla.co/products/turkish-hazelnut-coffee-powder-box-96-sachets-free-gift
96 French Vanilla Coffee Sachets Box (Free Coffee Sachet Inside),377.00,599.00,Yes,https://www.bevzilla.co/products/french-vanilla-coffee-powder-box-96-sachets-free-gift
96 Butterscotch Coffee Sachets Box (Free Coffee Sachet Inside),377.00,599.00,Yes,https://www.bevzilla.co/products/copy-of-colombian-gold-coffee-powder-box-96-sachets-free-gift
96 Classic Instant Coffee Sachets Box,377.00,599.00,Yes,https://www.bevzilla.co/products/colombian-gold-coffee-powder-box-96-sachets-free-gift
96 Sachets Assorted Coffee Powder Box,379.00,599.00,Yes,https://www.bevzilla.co/products/assorted-coffee-powder-box-96-sachets
4 Flavours Mocktail Combo with Free Drinks Measurer + Cards,1999.00,,No Discount,https://www.bevzilla.co/products/party-box
"Assorted pack of 4, milkshake cubes",106.00,175.00,Yes,https://www.bevzilla.co/products/assorted-pack-of-4-milkshake-cubes
"Assorted pack of 5, Iced Tea",133.00,249.00,Yes,https://www.bevzilla.co/products/assorted-pack-of-5-iced-tea
Mocktail Mixers Combo (All 4 Flavours),461.00,,No Discount,https://www.bevzilla.co/products/mocktail-mixers-combo-all-4-flavours
Hurricane Mocktail Mixers | 5 Pouches,179.00,349.00,Yes,https://www.bevzilla.co/products/hurricane-mocktail-mixers
Mojito Mocktail Mixers | 5 Pouches,209.00,349.00,Yes,https://www.bevzilla.co/products/mojito-mocktail-mixers
Cosmopolitan Mocktail Mixers | 5 Pouches,199.00,349.00,Yes,https://www.bevzilla.co/products/cosmopolitan-mocktail-mixers
Watermelon Martini Mocktail Mixers | 5 Pouches,209.00,349.00,Yes,https://www.bevzilla.co/products/watermelon-martini-mocktail
25GM X 4 Coffee Jars (All 4 Flavours),251.00,398.00,Yes,https://www.bevzilla.co/products/best-selling-coffee-powder-mini-combo
Try Everything Combo (FREE ICED TEA),309.00,600.00,Yes,https://www.bevzilla.co/products/coffee-cubes-milkshake-cubes-coffee-powder-trial-pack
Coffee Cubes + Milkshake Cubes Trial Pack,256.00,400.00,Yes,https://www.bevzilla.co/products/coffee-milkshake-trial-pack
Coffee 10 Cubes Assorted Pack+ Vanilla Creme Milkshake Cubes,461.00,698.00,Yes,https://www.bevzilla.co/products/instant-coffee-10-cubes-assorted-pack-instant-vanilla-creme-milkshake-cubes
Coffee 10 Cubes Assorted Pack+ Strawberry Milkshake Cubes,461.00,698.00,Yes,https://www.bevzilla.co/products/instant-coffee-10-cubes-assorted-pack-instant-strawberry-milkshake-cubes
Coffee 10 Cubes Assorted Pack + Butterscotch Milkshake Cubes,461.00,698.00,Yes,https://www.bevzilla.co/products/instant-coffee-10-cubes-assorted-pack-instant-butterscotch-milkshake-cubes
Coffee 10 Cubes Assorted Pack + Choco-Hazelnut Milkshake Cubes,461.00,698.00,Yes,https://www.bevzilla.co/products/copy-of-assorted-instant-coffee-20-cubes-pack-hot-chocolate
Milkshake Cubes Combo (All 4 Flavours),1500.00,,No Discount,https://www.bevzilla.co/products/instant-milkshake-cubes-combo-all-4-flavours
Irish Cream+Belgian Chocolate Coffee 10 Cubes Combo Pack,461.00,698.00,Yes,https://www.bevzilla.co/products/irish-cream-belgian-chocolate-instant-coffee-10-cubes-combo-pack
Creamy Vanilla+Belgian Chocolate Coffee 10 Cubes Combo Pack,461.00,698.00,Yes,https://www.bevzilla.co/products/creamy-vanilla-belgian-chocolate-instant-coffee-10-cubes-combo-pack
Hazelnut+Irish Cream Coffee 10 Cubes Combo Pack,461.00,698.00,Yes,https://www.bevzilla.co/products/hazelnut-irish-cream-instant-coffee-10-cubes-combo-pack
Classic+Belgian Chocolate Coffee 10 Cubes Combo Pack,461.00,698.00,Yes,https://www.bevzilla.co/products/classic-belgian-chocolate-instant-coffee-10-cubes-combo-pack
10 Butterscotch Milkshake Cubes,188.00,349.00,Yes,https://www.bevzilla.co/products/instant-butterscotch-milkshake-cubes-infused-with-date-palm-jaggery-10-cubes-pack
10 Choco Hazelnut Milkshake Cubes,188.00,349.00,Yes,https://www.bevzilla.co/products/instant-choco-hazelnut-milkshake-cubes-infused-with-date-palm-jaggery-10-cubes-pack
10 Vanilla Creme Milkshake Cubes,188.00,349.00,Yes,https://www.bevzilla.co/products/instant-vanilla-creme-milkshake-cubes-infused-with-date-palm-jaggery-10-cubes-pack
10 Strawberry Milkshake Cubes,188.00,349.00,Yes,https://www.bevzilla.co/products/copy-of-instant-assorted-flavours-coffee-cubes-infused-with-date-palm-jaggery-100-arabica
75GM X 3 Flavoured Coffee Jars Combo,549.00,1125.00,Yes,https://www.bevzilla.co/products/three-flavours-instant-coffee-powder-combo-100-arabica
Colombian Gold+English Butterscotch Coffee Combo,462.00,700.00,Yes,https://www.bevzilla.co/products/colombian-gold-english-butterscotch-instant-coffee-powder-combo-100-arabica
English Butterscotch+Turkish Hazelnut Coffee Combo,461.00,700.00,Yes,https://www.bevzilla.co/products/english-butterscotch-turkish-hazelnut-instant-coffee-powder-combo-100-arabica
Colombian Gold+French Vanilla Coffee Combo,462.00,700.00,Yes,https://www.bevzilla.co/products/colombian-gold-french-vanilla-instant-coffee-powder-combo-100-arabica
French Vanilla+Turkish Hazelnut Coffee Combo,462.00,700.00,Yes,https://www.bevzilla.co/products/french-vanilla-turkish-hazelnut-instant-coffee-powder-combo-100-arabica
Coffee Cubes+Powder Combo,399.00,724.00,Yes,https://www.bevzilla.co/products/instant-coffee-cubes-powder-combo
Super Saver Coffee Combo (FREE FROTHER),5999.00,,No Discount,https://www.bevzilla.co/products/super-saver-coffee-combo-free-frother
Coffee Cubes+Iced Tea Budget Combo,386.00,748.00,Yes,https://www.bevzilla.co/products/instant-coffee-cubes-iced-tea-budget-combo
Try Everything Combo (FREE FROTHER),609.00,979.00,Yes,https://www.bevzilla.co/products/try-everything-combo-free-frother
Assorted Coffee Cubes,216.00,349.00,Yes,https://www.bevzilla.co/products/instant-assorted-flavours-coffee-cubes-infused-with-date-palm-jaggery-100-arabica
Belgian Chocolate Coffee Cubes,216.00,349.00,Yes,https://www.bevzilla.co/products/instant-belgian-chocolate-coffee-cubes-infused-with-date-palm-jaggery-100-arabica
Classic Coffee Cubes,216.00,349.00,Yes,https://www.bevzilla.co/products/instant-classic-coffee-cubes-infused-with-date-palm-jaggery-100-arabica
Creamy Vanilla Coffee Cubes,216.00,349.00,Yes,https://www.bevzilla.co/products/instant-creamy-vanilla-coffee-cubes-infused-with-date-palm-jaggery-100-arabica
Hazelnut Coffee Cubes,216.00,349.00,Yes,https://www.bevzilla.co/products/instant-hazelnut-coffee-cubes-infused-with-date-palm-jaggery-100-arabica
Irish Cream Coffee Cubes,216.00,349.00,Yes,https://www.bevzilla.co/products/instant-irish-cream-coffee-cubes-infused-with-date-palm-jaggery-100-arabica
